,intra,extra,az,el,rot_pos,x,y,z,u,v,w
0,1578542773-HIP25041-0-1.fits,1578542801-HIP25041-0-1.fits,-27.40144044034544,47.618598309963495,-11.361340861596366,-4.349999213219999,-1.3381199999162874e-06,0.46500155518999997,0.3500006508,0.3500006508,0.0
1,1578543015-HIP23043-0-1.fits,1578543043-HIP23043-0-1.fits,-30.71004185176702,36.76567417708738,-7.614575079769235,-4.349999213219999,-1.3381199999162874e-06,0.46500155518999997,0.3500006508,0.3500006508,0.0
2,1578544378-HIP23043-0-1.fits,1578544406-HIP23043-0-1.fits,-36.51394798283738,34.0334412891675,-2.5764613897974353,-4.349999213219999,-1.3381199999162874e-06,0.46500155518999997,0.3500006508,0.3500006508,0.0
3,1578545134-HIP23043-0-1.fits,1578545162-HIP23043-0-1.fits,-39.51416605755482,32.35094302892286,-0.3437429177607151,-4.349999213219999,-1.3381199999162874e-06,0.5000015551899999,0.3500006508,0.3500006508,0.0
4,1578545384-HIP23043-0-1.fits,1578545412-HIP23043-0-1.fits,-40.47001163896984,31.772805131371886,-0.10509707942796724,-4.349999213219999,0.29999866188,0.5000015551899999,0.3500006508,0.3500006508,0.0
5,1578545714-HIP23043-0-1.fits,1578545742-HIP23043-0-1.fits,-41.708441082398956,30.991886171952775,0.16420465211511678,-4.349999213219999,0.44999866188000004,0.5000015551899999,0.3500006508,0.3500006508,0.0
6,1578545943-HIP23043-0-1.fits,1578545971-HIP23043-0-1.fits,-42.55335512554482,30.43791156177101,0.32346592203639474,-4.349999213219999,0.44999866188000004,0.5300015551900001,0.3500006508,0.3500006508,0.0
