,intra,extra,az,el,rot_pos,x,y,z,u,v,w,m1_pressure,dz
0,1579924627-16Pup_intra-0-1.fits,1579924676-16Pup_extra-0-1.fits,41.61506289703041,75.95248915133219,-73.00337644263494,-4.35,0.07427437659009017,0.48198187210881227,0.35,0.35,0.0,122889.85530436884,0.5
1,1579924833-16Pup_intra-0-1.fits,1579924883-16Pup_extra-0-1.fits,38.96911212672077,76.41843487127083,-78.89898559310683,-4.35,0.071995382083887,0.48169223264413463,0.35,0.35,0.0,123054.42530860903,0.7
2,1579924945-16Pup_intra-0-1.fits,1579924993-16Pup_extra-0-1.fits,37.33937628603398,76.68151411793637,-77.21379978365778,-4.35,0.0708527626738924,0.48154592168730337,0.35,0.35,0.0,123187.73497356538,0.9
