,intra,extra,az,el,rot_pos,x,y,z,u,v,w,m1_pressure,dz
0,1579923135-16Pup_intra-0-1.fits,1579923199-16Pup_extra-0-1.fits,56.74664996985268,71.88981520075836,-70.33042006070706,-4.35,0.09735325953391127,0.939198164331372,0.35,0.35,0.0,120221.67521046895,0.5
1,1579923271-16Pup_intra-0-1.fits,1579923337-16Pup_extra-0-1.fits,55.5367917158348,72.32826555622897,-68.94779560847888,-4.35,0.09448352381641412,1.1388642283630561,0.35,0.35,0.0,120503.70690874984,0.7
2,1579923411-16Pup_intra-0-1.fits,1579923478-16Pup_extra-0-1.fits,54.40481758096818,72.71613796005965,-67.6568810445057,-4.35,0.09177200179738065,1.3385456440317527,0.35,0.35,0.0,120855.13265517335,0.9