,intra,extra,az,el,rot_pos,x,y,z,u,v,w,m1_pressure,dz
0,1579925613-16Pup_intra-0-1.fits,1579925662-16Pup_extra-0-1.fits,27.01900972503656,77.96153813555127,-75.8860131551647,-4.35,0.06530969309842138,0.48082510018142344,0.35,0.35,0.0,124048.18913762023,0.5
1,1579925833-16Pup_intra-0-1.fits,1579925882-16Pup_extra-0-1.fits,23.107052583019286,78.30103042177272,-80.79374417529002,-4.35,0.06399654057401438,0.4806515247591883,0.35,0.35,0.0,124224.43070703516,0.5
2,1579926008-16Pup_intra-0-1.fits,1579926057-16Pup_extra-0-1.fits,19.841079865145606,78.53820201695635,-77.60389241684594,-4.35,0.06311213287089057,0.48053397112548163,0.35,0.35,0.0,124317.67211452445,0.7
3,1579926150-16Pup_intra-0-1.fits,1579926201-16Pup_extra-0-1.fits,17.129817028093626,78.70337821755905,-74.97905979442281,-4.35,0.062499238681279934,0.48045221202616767,0.35,0.35,0.0,124468.58919607119,0.9
4,1579926455-16Pup_intra-0-1.fits,1579926507-16Pup_extra-0-1.fits,11.08865785240922,78.9731805397225,-78.93275093277789,-4.35,0.06150998700136645,0.48031974141750783,0.35,0.35,0.0,124549.17153663322,1.1
5,1579926576-16Pup_intra-0-1.fits,1579926630-16Pup_extra-0-1.fits,8.628293044767323,79.04960482883969,-76.6096033213873,-4.35,0.06123303804597402,0.4802825269957051,0.35,0.35,0.0,124639.57644813406,1.3
6,1579927046-16Pup_intra-0-1.fits,1579927100-16Pup_extra-0-1.fits,-1.12239685164358,79.15892910605086,-76.86644649119661,-4.35,0.0608229172396233,0.4802272609619893,0.35,0.35,0.0,124685.2316225625,1.5
