,intra,extra,az,el,rot_pos,x,y,z,u,v,w,m1_pressure,dz
0,1579919938-HD32309_intra-0-1.fits,1579919976-HD32309_extra-0-1.fits,-61.04611904231922,71.38442866237172,-67.55862584349804,-4.35,0.10173815533542285,0.48233282632242874,0.35,0.35,0.0,120234.5271484375,0.5
1,1579920024-HD32309_intra-0-1.fits,1579920068-HD32309_extra-0-1.fits,-61.67794675515381,71.10591855022795,-67.36503210589227,-4.35,0.10371253486079768,0.4825573667801841,0.35,0.35,0.0,119752.89780214182,1.5
2,1579920116-HD32309_intra-0-1.fits,1579920156-HD32309_extra-0-1.fits,-62.314891055345825,70.81617151176738,-67.18311052144529,-4.35,0.10595706650146575,0.4828110641936144,0.35,0.35,0.0,119805.85762557213,0.75
3,1579920264-HD32309_intra-0-1.fits,1579920305-HD32309_extra-0-1.fits,-63.286266118858606,70.35586551485176,-66.93297001162242,-4.35,0.10966294060290949,0.48322595803528545,0.35,0.35,0.0,119319.27288314397,1.0
