intra,extra,az,el,rot_pos,x,y,z,u,v,w,m1_pressure
1579848438-etaLeo_intra-0-1,1579848483-etaLeo_extra-0-1,-2.8254254789947786,43.13891188559824,-44.4985131095018,-5.0381088018417355,0.7016260953689915,0.535406608416135,0.35,0.35,0.0,83327.80843763442
1579849059-etaLeo_intra-0-1,1579849104-etaLeo_extra-0-1,-6.245938692655003,42.9650449648855,-41.58906450918451,-5.0381088018417355,0.7086850490594361,0.5358439756411668,0.35,0.35,0.0,81062.47072840216
1579849576-etaLeo_intra-0-1,1579849620-etaLeo_extra-0-1,-9.042813596677895,42.72886031678772,-39.307161042521365,-5.0381088018417355,0.7185159480999967,0.6103670222851412,0.35,0.35,0.0,78983.21188091206
1579850144-etaLeo_intra-0-1,1579850175-etaLeo_extra-0-1,-12.069811403816473,42.3445588401199,-45.31090612759401,-5.0381088018417355,0.7352604282370967,0.6113957417584239,0.35,0.35,0.0,82292.00026919715
1579850788-etaLeo_intra-0-1,1579850828-etaLeo_extra-0-1,-15.441389103203582,41.79745232597114,-42.833626365379224,-5.0381088018417355,0.7595218531691144,2.011778285306373,0.35,0.35,0.0,82929.11394030515
1579851935-etaLeo_intra-0-1,1579851975-etaLeo_extra-0-1,-21.280756099344345,40.505316482580234,-38.91269790570251,-5.0381088018417355,0.8178675218025027,1.9036811356286467,0.35,0.35,0.0,82542.13177697753
